"priority","pattern","canonical","match_type","approved","notes"
10,"\bH\.?\s*Lundbeck\b","Lundbeck","regex",TRUE,"Reviewed high-count Lundbeck variants"
20,"\bMerck\s*(Amp\s*)?&?\s*Co\b|\bMerck\s+And\s+Co\b","MSD","regex",TRUE,"Reviewed MSD / Merck & Co variants; generic Merck remains separate"
30,"\b(UZ|Universitair\s+Ziekenhuis|University\s+Hospital)\s+Brussel(s)?\b|\bUZBrussel\b|\bUZ\s+Brussel\s+VUB\b|\bCrg\s+UZ\s+Brussel\b","UZ Brussel","regex",TRUE,"Reviewed UZ Brussel variants"
40,"\bRigshospitalet\b|\bCopenhagen\s+University\s+Hospital\s*,?\s*Rigshospitalet\b|\bRigshospitalet\s*,?\s*Copenhagen\s+University\s+Hospitals?\b","Rigshospitalet","regex",TRUE,"Reviewed Rigshospitalet / Copenhagen University Hospital variants"
50,"\b(Policlinico\s+(Universitario\s+)?(Agostino\s+)?A\.?\s*Gemelli|Fondazione\s+Policlinico\s+Universitario\s+Agostino\s+Gemelli|Universit\s+Cattolica\s+Del\s+Sacro\s+Cuore\s*[- ]\s*Policlinico\s+A\.?\s*Gemelli)\b","Policlinico Universitario Agostino Gemelli","regex",TRUE,"Reviewed Gemelli variants"
60,"\b(Institut\s+)?Gustave\s+Roussy\b|\bInstitut\s+De\s+Cancrologie\s+Gustave\s+Roussy\b","Gustave Roussy","regex",TRUE,"Reviewed Gustave Roussy variants"
70,"\b(S?Tichting\s+)?Het\s+Nederlands\s+Kanker\s+Instituut(?=\b|_)|\bNederlands\s+Kanker\s+Instutuut\b","Het Nederlands Kanker Instituut","regex",TRUE,"Reviewed Dutch Cancer Institute variants"
80,"\bFundaci[oó]?\s+(Privada\s+)?(Cl[ií]n?ic|Cln[ií]c)\s+((Per\s+A\s+(La\s+)?)|Per\s+La\s+)?Recerca\s+Biom[èe]?dica(\s+FCRB)?\b|\bFundaci[oó]?\s+(Privada\s+)?(Cl[ií]n?ic|Cln[ií]c)\b|\bFundaci[oó]?\s+De\s+Recerca\s+(Cl[ií]n?ic|Cln[ií]c)\s+Barcelona\b|\bFundaci[oó]?\s+(Privada\s+)?Clinic\s+Per\s+A\s+La\s+Recerca\s+Biomedica\b","Fundacio Clinic Per A La Recerca Biomedica","regex",TRUE,"Reviewed Fundacio Clinic Barcelona variants"
90,"\bCentre\s+(Leon|Lon)\s+B[ée]?rard\b","Centre Leon Berard","regex",TRUE,"Reviewed Centre Leon Berard variants"
100,"\b(Irccs\s+)?Istituto\s+Giannina\s+Gaslini\b|\bGiannina\s+Gaslini\s+Institute\b","Istituto Giannina Gaslini","regex",TRUE,"Reviewed Gaslini variants"
110,"\b(Irccs\s+)?Istituto\s+Clinico\s+Humanitas\b|\bInstituto\s+Clinico\s+Humanitas\b|\bHumanitas\s+Mirasole\b","Istituto Clinico Humanitas","regex",TRUE,"Reviewed Humanitas variants"
120,"\bKing'?s?\s+College\s+Hospital(\s+Foundtion)?\s+(Nhs\s+)?(Foundation\s+)?Trust\b|\bKing'?s?\s+College\s+Hospital\s+Trust\b","Kings College Hospital NHS Foundation Trust","regex",TRUE,"Reviewed King's College Hospital variants"
130,"\bBMS\b|\bBristol\s*[-.]?\s*M(ey|y)ers\s+Squibb\b|\bBRISTOL\s*[-.]\s*M\.?\s*Squibb\b","BMS","regex",TRUE,"Migrated from app.R built-in sponsor_aliases"
140,"\b(SCS\s+)?Boehringer\s*[- ]?\s*Ing(elheim)?\b","Boehringer Ingelheim","regex",TRUE,"Migrated from app.R built-in sponsor_aliases"
150,"\bF\.?\s*Hoff?mann?\s*[- ]?\s*La\s*[- ]?\s*Roche\b|\bHoff?mann?\s*[- ]?\s*La\s*[- ]?\s*Roche\b","Roche","regex",TRUE,"Migrated from app.R built-in sponsor_aliases"
160,"\bF\.?\s*Hoff?mann?\b","Roche","regex",TRUE,"Migrated from app.R built-in sponsor_aliases"
170,"\bImperial\s+College\s+(Healthcare\s+)?Nhs\s+Trust\b","Imperial College Healthcare NHS Trust","regex",TRUE,"Migrated from app.R built-in sponsor_aliases"
180,"\bImperial\s+College\s*,?\s*London\b|^Imperial\s+College$","Imperial College London","regex",TRUE,"Migrated from app.R built-in sponsor_aliases"
190,"\bQueen\s+Mary\s*,?\s+University\s+Of\s+London\b|\bQueen\s+Mary\s+University\s+London\b|\bQueen\s+Marys?\s*,?\s+University\s+Of\s+London\b","Queen Mary University Of London","regex",TRUE,"Migrated from app.R built-in sponsor_aliases"
200,"\bUniversity\s+College\s+London\s+UCL\b|\bUCL\s+University\s+College\s+London\b|^UCL$","University College London","regex",TRUE,"Migrated from app.R built-in sponsor_aliases"
210,"\bErasmus\s*MC\b|\bErasmusM?C\b|\bErasmus\s+Medical\s+Cent(re|er)\b|\bErasmus\s+University\s+Medical\s+Cent(re|er)\b|\bErasmus\s+Universitair\s+Medisch\s+Centrum\b|\bErasmusMedical\s+Cent(re|er)\b","Erasmus MC","regex",TRUE,"Migrated from app.R built-in sponsor_aliases"
220,"\bRadboud\s*UMC\b|\bRadboudUMC\b|\bRadboud\s+Universitair\s+Medisch\s+Centrum\b|\bRadboud\s+University\s+(Nijmegen\s+)?Medical\s+Cent(re|er)\b|\bUMCN?\s+St\s+Radboud\b|\bUniversity\s+Medical\s+Cent(re|er)\s+(Nijmegen\s+)?(St|Sint)\.?\s+Radboud\b|\bUniversity\s+Hospital\s+Sint\s+Radboud\b","Radboudumc","regex",TRUE,"Migrated from app.R built-in sponsor_aliases"
230,"\bLUMC\b|\bLeid[se]n?\s+Universitair\s+Medisch\s+Centrum\b|\bLeiden\s+Univer(si|is|sti)ty\s+Medical\s+Cent(re|er)\b|\bLeiden\s+University\s+Medical\s+Cent(re|er)\b|\bAcademisch\s+Ziekenhuis\s+Leiden\b","Leiden University Medical Center","regex",TRUE,"Migrated from app.R built-in sponsor_aliases"
240,"\bUZ\s*Leuven\b|\bUniversitaire\s+Ziekenhuis\s+Leuven\b|\bUniver(sity|ity)\s+Hospitals?\s+(Of\s+)?Leuven\b","UZ Leuven","regex",TRUE,"Migrated from app.R built-in sponsor_aliases"
250,"\bKU\s*Leuven\b|\bK\.U\.\s*Leuven\b|\bKatholieke\s+Universiteit\s+Leuven\b","KU Leuven","regex",TRUE,"Migrated from app.R built-in sponsor_aliases"
260,"\b(Academic|Academical|Academisch|Acedemic)\s+(Medical|Medisch)\s+Cent(re|er|rum)(\s+Amsterdam|\s+AMC)?\b|\bAMC\s*,?\s*Amsterdam\b|\bAMC\s+Amsterdam\b|\bAMC\b|\bAMC\s*[- ]\s*UVA\b|\bAmsterdam\s+AMC\b","Amsterdam UMC","regex",TRUE,"Migrated from app.R built-in sponsor_aliases"
270,"\bKarolinska\s+Institutet\b|\bKarolinska\s+Institute\b","Karolinska Institutet","regex",TRUE,"Migrated from app.R built-in sponsor_aliases"
280,"\bPierre\s+Fabre\s+M[ée]?dicament\b|\bPierre\s+Fabre\s+Medicament\b","Pierre Fabre Medicament","regex",TRUE,"Migrated from app.R built-in sponsor_aliases"
290,"\bALK\s*[- ]?\s*Abell[óo]?\b|\bALK\s*[- ]?\s*Abell\b","ALK-Abello","regex",TRUE,"Migrated from app.R built-in sponsor_aliases"
300,"\bLaboratoires\s+Th[éea]a?\b","Laboratoires Thea","regex",TRUE,"Migrated from app.R built-in sponsor_aliases"
310,"\bInstitut\s+De\s+Recherches?\s+Internationales?\s+Servier(\s+I\.?R\.?I\.?S\.?)?\b|\bInstitut\s+De\s+Recherche\s+International\s+Servier\b","Institut De Recherches Internationales Servier IRIS","regex",TRUE,"Migrated from app.R built-in sponsor_aliases"
320,"\bEutherapie\s+Pour\s+Le\s+Compte\s+Du\s+Promoteur\s+Les\s+Laboratoires\s+Servier\b|\bLaboratorios\s+Servier\b","Servier","regex",TRUE,"Migrated from app.R built-in sponsor_aliases"
330,"\bHOVON\b|\bHovon\s+Foundation\b|\b(Stichting\s+)?Hemato\s*[- ]\s*Oncologie\s+Voor\s+Volwassenen(\s+Nederland)?\s*\(?Hovon\)?(\s+Stichting)?\b|\bDutch\s+Belgian\s+Cooperative\s+(Group\s+)?For\s+Hematology\s+Oncology\s*[- ]\s*Hovon\b","HOVON","regex",TRUE,"Migrated from app.R built-in sponsor_aliases"
340,"\bRegion\s+Sk[aå]?ne\b","Region Skane","regex",TRUE,"Migrated from app.R built-in sponsor_aliases"
350,"\bRegion\s+Oe?stergoe?tland\b","Region Ostergotland","regex",TRUE,"Migrated from app.R built-in sponsor_aliases"
360,"\bSankt\s+Antonius\s+Hospital\b|\bSt\.?\s+Antonius\s+Hospital\b|\bSint\s+Antonius\s+Ziekenhuis(\s+Stichting)?\b|\bSt\.?\s+Antonius\s+Ziekenhuis\b","St Antonius Hospital","regex",TRUE,"Migrated from app.R built-in sponsor_aliases"
370,"\bCliniques\s+Universitaires\s+Saint\s*[- ]\s*Luc\b","Cliniques Universitaires Saint-Luc","regex",TRUE,"Migrated from app.R built-in sponsor_aliases"
380,"\bGuys\s+(And\s+)?St\.?\s+Thomas'?\s+Nhs\s+Foundation\s+Trust\b|\bGuys\s+And\s+St\.?\s+Thomas\s+Nhs\s+Foundation\s+Trust\b","Guys And St Thomas NHS Foundation Trust","regex",TRUE,"Migrated from app.R built-in sponsor_aliases"
390,"\bInstitut\s+Paoli\s*[- ]\s*Calmettes\b","Institut Paoli-Calmettes","regex",TRUE,"Migrated from app.R built-in sponsor_aliases"
400,"\bIBSA\s*,?\s+Institut\s+Biochimique\b","IBSA Institut Biochimique","regex",TRUE,"Migrated from app.R built-in sponsor_aliases"
410,"\bSchering\s*[- ]\s*Plough\s+(Institute|Institution|Reserach\s+Institute)\b|\bSchering\s*[- ]\s*Plough\b","Schering-Plough","regex",TRUE,"Migrated from app.R built-in sponsor_aliases"
420,"\b(CHU|Centre\s+Hospitalier\s+Universitaire)\s+(De\s+)?Saint\s*[- ]\s*Etienne\b","CHU Saint-Etienne","regex",TRUE,"Migrated from app.R built-in sponsor_aliases"
430,"\bFundaci[oó]?\s+(Privada\s+)?(De\s+L)?Institut\s+De\s+Recerca.*Santa\s+Creu.*Sant\s+Pau\b|\bInstitut\s+De\s+Recerca.*Santa\s+Creu.*Sant\s+Pau\b|\bInstitut\s+De\s+Recerca\s+H\.?\s*(De\s+La\s+Santa\s+Creu\s+I\s+Sant\s+Pau)?\b|\bInstitut\s+De\s+Recerca\s+HSCSP\b","Institut De Recerca Sant Pau","regex",TRUE,"Migrated from app.R built-in sponsor_aliases"
440,"\bGE\s*\.?\s+And\s+Its\s+Affiliates\b","GE And Its Affiliates","regex",TRUE,"Migrated from app.R built-in sponsor_aliases"
450,"\bLaboratorios\s+Leti(\s*,?\s*\.?\s*Unipersonal|\s*,?\s*U)?\b","Laboratorios Leti","regex",TRUE,"Migrated from app.R built-in sponsor_aliases"
460,"\bZiekenhuis\s+Oost\s*[- ]\s*Limburg\b","Ziekenhuis Oost-Limburg","regex",TRUE,"Migrated from app.R built-in sponsor_aliases"
470,"\bSt\.?\s+Georges\s*,?\s+University\s+Of\s+London\b","St Georges University Of London","regex",TRUE,"Migrated from app.R built-in sponsor_aliases"
480,"\bKing'?s?\s+College\s+London(\s+IoP|\s+Institute\s+Of\s+Pyschiatry)?\b|\bKingss\s+College\s+London\b","Kings College London","regex",TRUE,"Migrated from app.R built-in sponsor_aliases"
490,"\b(AOU|Azienda\s+Ospedaliera\s+Di\s+Bologna)\s*,?\s*Policlinico\s+S\.?\s*Orsola\s*[- ]\s*Malpighi\b|\bAOU\s+DI\s+BOLOGNA\s+POLICLINICO\s+S\.?ORSOLA\s*[- ]\s*MALPIGHI\b","Azienda Ospedaliera Di Bologna Policlinico S. Orsola M. Malpighi","regex",TRUE,"Migrated from app.R built-in sponsor_aliases"
500,"\b(AOU|Azienda\s+Ospedalier[ao](\s+Universitaria)?)\s+Policlinico\s+Di\s+Modena\b","Azienda Ospedaliera Policlinico Di Modena","regex",TRUE,"Migrated from app.R built-in sponsor_aliases"
510,"\b(Policlinico\s+(Universitario\s+)?(Agostino\s+)?A?\.?\s*Gemelli|Fondazione\s+Policlinico\s+Universitario\s+Agostino\s+Gemelli|Universit\s+Cattolica\s+Del\s+Sacro\s+Cuore\s*[- ]\s*Policlinico\s+A\.?\s*Gemelli)\b","Policlinico Universitario Agostino Gemelli","regex",TRUE,"Migrated from app.R built-in sponsor_aliases"
520,"\bUniversity\s+Of\s+Dundee\s*/?\s*(And\s+)?Nhs\s+Tayside\b|\bTayside\s+Medical\s+Centre\s+On\s+Behalf\s+Of\s+University\s+Of\s+Dundee\s+Nhs\s+Tayside\b","University Of Dundee NHS Tayside","regex",TRUE,"Migrated from app.R built-in sponsor_aliases"
530,"\bUniversity\s+Medical\s+Cent(re|er)\s+Hamburg\s*[- ]\s*Eppendorf\b|\bUniversit[aä]tsklinikum\s+Hamburg\s*[- ]\s*Eppendorf\b","University Medical Center Hamburg-Eppendorf","regex",TRUE,"Migrated from app.R built-in sponsor_aliases"
540,"\bAarhus\s+University\b(?!\s+Hospital)|\bAarhus\s+Universitet\b(?!s?hospital)|\bUniversity\s+Of\s+Aarhus\b|\bInstitut\s+For\s+Klinisk\s+Medicin\s*,?\s*Aarhus\s+Universitet\b|\bInstitute\s+Of\s+Pharmacology\s*,?\s*Aarhus\s+University\b","Aarhus University","regex",TRUE,"Migrated from app.R built-in sponsor_aliases"
550,"\bAarhus\s+Universit(y|et)s?\s*Hospital\b|\bAarhus\s+University\s+Hospiotal\b|\bAarhus\s+Unversity\s+Hospital\b|\bAarhus\s+Universityhospital\b|\bAarhus\s+Universitetshospital\b|\bUniversity\s+Hospital\s+Of\s+Aarhus\b|\bAarhus\s+Sygehus\b|\bDepartment.*Aarhus\s+University\s+Hospital\b|\bDept\.? .*Aarhus\s+University\s*Hospital\b|\bKlinisk.*Aarhus\s+Universitetshospital\b","Aarhus University Hospital","regex",TRUE,"Migrated from app.R built-in sponsor_aliases"
560,"\bUniversity\s+Medical\s+Cent(re|er)\s+(Of\s+)?Groningen\b|\bUniversity\s+Medial\s+Cent(re|er)\s+Groningen\b|\bUniveristy\s+Medical\s+Cent(re|er)\s+Groningen\b|\bUniversitair\s+Medisch\s+Centrum\s+Groningen\b|\bUMCG\b","University Medical Center Groningen","regex",TRUE,"Migrated from app.R built-in sponsor_aliases"
570,"\bUniversity\s+Medical\s+Cent(re|er)\s+Utrecht\b|\bUniveristy\s+Medical\s+Cent(re|er)\s+Utrecht\b|\bUniverstiy\s+Medical\s+Cent(re|er)\s+Utrecht\b|\bUniversitair\s+Medisch\s+Cen?trum\s+Utrecht\b|\bUMC\s*[- ]?\s*Utrecht\b|\bUMCU\b","University Medical Center Utrecht","regex",TRUE,"Migrated from app.R built-in sponsor_aliases"
580,"\bAmsterdam\s+UMC(\s+Stichting)?\b|\bStichting\s+Amsterdam\s+UMC\b|\bAmsterdam\s+University\s+Medical\s+Cent(re|er)s?\b|\bAmsterdam\s+Univeristy\s+Medical\s+Cent(re|er)\b|\bAUMC\b|\bAmsterdam\s+UMC\s*,?\s*(Location\s+)?(AMC|VUMC)\b|\bAmsterdam\s+UMC\s*[-,]?\s*(AMC|VUMC)\b|\bVU\s+University\s+Medical\s+Cent(re|er)(\s+Amsterdam|\s+VUMC)?\b|\bVU\s+Medical\s+Cent(re|er)\s*,?\s*Amsterdam\b|\bVUMC\b","Amsterdam UMC","regex",TRUE,"Migrated from app.R built-in sponsor_aliases"
590,"\bMaastricht\s+University\s+Medical\s+Cent(re|er)\+?\b|\bMaastricht\s+Universitair\s+Medisch\s+Centrum\b|\bMaastricht\s+Universitary\s+Medical\s+Cent(re|er)\b|\bMaastricht\s+UMC\+?\b|\bMUMC\+?\b|\bAcademic\s+Hospital\s+Maastricht(\s+AZM)?\b|\bAcademisch\s+Ziekenhuis\s+Maastricht\b|\bUniversity\s+Hospital\s+Maastricht\b","Maastricht University Medical Center","regex",TRUE,"Migrated from app.R built-in sponsor_aliases"
600,"\bCambridge\s+University\s+Hospitals?\s+Nhs\s+(Foundation\s+)?Trust.*\b|\bAddenbrookes\s+(Hospital\s+)?(Cambridge\s+University\s+Hospitals?\s+)?Nhs\s+(Foundation\s+)?Trust\b","Cambridge University Hospitals NHS Foundation Trust","regex",TRUE,"Migrated from app.R built-in sponsor_aliases"
610,"\b(The\s+)?Royal\s+Marsden\s+Nhsf?\s+(Foundation\s+)?Trust\b","The Royal Marsden NHS Foundation Trust","regex",TRUE,"Migrated from app.R built-in sponsor_aliases"
620,"\b(The\s+)?Newcastle\s+[- ]?\s*Upon\s+[- ]?\s*Tyne\s+(Hospitals\s+)?Nhs\s+(Foundation\s+)?Trust\b|\bNewcastle\s*[- ]\s*Upon\b","Newcastle Upon Tyne Hospitals NHS Foundation Trust","regex",TRUE,"Migrated from app.R built-in sponsor_aliases"
630,"\bNorth\s+Bristol\s+Nhs(\s+Trust)?(\s+NBT)?\b|\bNorth\s+Bristol\s+Trust\b|\bNorth\s+Bristol\s+Nhs\s+Trust\s+(Innovation|Office)\b","North Bristol NHS Trust","regex",TRUE,"Migrated from app.R built-in sponsor_aliases"
640,"\bUniversity\s+Hospitals?\s+Bristol\s+Nhs\s+(Foundation\s+)?Trust\b|\bUniversity\s+Hospital\s+Bristol\s+Nhs\s+Foundation\s+Trust\b|\bUniversity\s+Hosptial\s+Bristol\s+Nhs\s+Foundation\s+Trust\b|\bUniversity\s+Hospitals\s+Bristol\b","University Hospitals Bristol NHS Foundation Trust","regex",TRUE,"Migrated from app.R built-in sponsor_aliases"
650,"\bUnited\s+Bristol\s+(Healthcare\s+)?(Nhs\s+)?Trust\b","University Hospitals Bristol NHS Foundation Trust","regex",TRUE,"Migrated from app.R built-in sponsor_aliases"
660,"\bUniversity\s+Hospitals?\s+Bristol\s+And\s+Weston\s+Nhs\s+Foundation\s+Trust\b","University Hospitals Bristol And Weston NHS Foundation Trust","regex",TRUE,"Migrated from app.R built-in sponsor_aliases"
670,"\bBarts\s+(And\s+)?The\s+London\s+Nhs\s+Trust\b|\bBarts\s+Health\s+Nhs\s+Trust\b","Barts Health NHS Trust","regex",TRUE,"Migrated from app.R built-in sponsor_aliases"
680,"\bLeeds\s+Teaching\s+Hospitals?\s+(Nhs\s+)?Trust\b|\bThe\s+Leeds\s+Teaching\s+Hospitals\s+Nhs\s+Trust\b","Leeds Teaching Hospitals NHS Trust","regex",TRUE,"Migrated from app.R built-in sponsor_aliases"
690,"\bChristie\s+Hospital\s+Nhs\s+(Foundation\s+)?Trust\b|\bThe\s+Christie\s+Nhs\s+Foundation\s+Trust\b","The Christie NHS Foundation Trust","regex",TRUE,"Migrated from app.R built-in sponsor_aliases"
700,"\bNhs\s+Greater\s+Glasgow(\s+And)?\s+Clyde(\s+Health\s+Board)?\b|\bGreater\s+Glasgow\s+Nhs\s+Health\s+Board\b|\bNhs\s+Greater\s+Glasgow\s+Health\s+Board\b","NHS Greater Glasgow And Clyde","regex",TRUE,"Migrated from app.R built-in sponsor_aliases"
710,"\bUniversity\s+Hospital\s+Southampton\s+Nhs\s+(Foundation\s+)?Trust\b|\bSouthampton\s+University\s+Hospitals?\s+(Nhs\s+)?Trust\b|\bUniversity\s+Southampton\s+Hospital\s+Nhs\s+Foundation\s+Trust\b","University Hospital Southampton NHS Foundation Trust","regex",TRUE,"Migrated from app.R built-in sponsor_aliases"
720,"\bHull\s+(And\s+)?East\s+Yorkshire\s+Hospitals?\s+(Nhs\s+)?Trust\b|\bHull\s+University\s+Teaching\s+Hospitals\s+Nhs\s+Trust\b","Hull And East Yorkshire Hospitals NHS Trust","regex",TRUE,"Migrated from app.R built-in sponsor_aliases"
730,"\bBelfast\s+Health\s+(And\s+)?Social\s+Care\s+Trust\b|\bBelfast\s+City\s+Hospital\s+Trust\b","Belfast Health And Social Care Trust","regex",TRUE,"Migrated from app.R built-in sponsor_aliases"
740,"\bRoyal\s+Brompton\s+(And\s+)?Harefield\s+Nhs\s+(Foundation\s+)?Trust\b","Royal Brompton And Harefield NHS Foundation Trust","regex",TRUE,"Migrated from app.R built-in sponsor_aliases"
750,"\bGreat\s+Ormond\s+Street\s+Hospital\s+For\s+Children\s+Nhs\s+(Foundation\s+)?Trust\b","Great Ormond Street Hospital For Children NHS Foundation Trust","regex",TRUE,"Migrated from app.R built-in sponsor_aliases"
760,"\bSheffield\s+Teaching\s+Hospitals?(\s+Nhs\s+Foundation\s+Trust)?\b","Sheffield Teaching Hospitals NHS Foundation Trust","regex",TRUE,"Migrated from app.R built-in sponsor_aliases"
770,"\bUniversity\s+Hospitals?\s+(Of\s+)?Leicester(\s+Nhs\s+Trust)?(\s+Department)?\b|\bUniversity\s+Hospital\s+Leicester\b","University Hospitals Of Leicester NHS Trust","regex",TRUE,"Migrated from app.R built-in sponsor_aliases"
780,"\bUniversity\s+Hospitals?\s+Birmingham(\s+Nhs\s+Foundation\s+Trust)?\b|\bUniversity\s+Hospital\s+Birmingham(\s+Nhs\s+Foundation\s+Trust)?\b|\bUniversity\s+Hospital\s+Of\s+Birmingham\s+Foundation\s+Trust\b","University Hospitals Birmingham NHS Foundation Trust","regex",TRUE,"Migrated from app.R built-in sponsor_aliases"
790,"\b(The\s+)?University\s+Of\s+Birmingham\b|\bUniversity\s+Of\s+Birmingham\s*,?\s*Enterprise\s+Services\b","University Of Birmingham","regex",TRUE,"Migrated from app.R built-in sponsor_aliases"
800,"\b(The\s+)?University\s+Of\s+Oxford\b|\bUniversity\s+Of\s+Oxford\s*,?\s*(CTRG|NDM|Nuffield\s+Department\s+Of\s+Medicine)\b|\bClinical\s+Trials\s+And\s+(Research\s+)?Governance(\s+CTRG)?\s*,?\s*University\s+Of\s+Oxford\b","University Of Oxford","regex",TRUE,"Migrated from app.R built-in sponsor_aliases"
810,"\bUniversity\s+Hospital\s+(Ghent|Gent)\b|\bUZ\s+Gent\b","University Hospital Ghent","regex",TRUE,"Migrated from app.R built-in sponsor_aliases"
820,"\bGhent\s+University\s+Hospital\b|\bUniversitair\s+Ziekenhuis\s+Gent\b","University Hospital Ghent","regex",TRUE,"Migrated from app.R built-in sponsor_aliases"
830,"\bGhent\s+University\b|\bUniversity\s+Ghent\b|\bUniversiteit\s+Gent\b","Ghent University","regex",TRUE,"Migrated from app.R built-in sponsor_aliases"
840,"\bMedical\s+University\s+(Of\s+)?Vienna\b","Medical University Of Vienna","regex",TRUE,"Migrated from app.R built-in sponsor_aliases"
850,"\bMedizinische\s+Universit[aäe]?t?t?\s+Wien\b|\bVienna\s+Medical\s+University\b","Medical University Of Vienna","regex",TRUE,"Migrated from app.R built-in sponsor_aliases"
860,"\bMedical\s+University\s+(Of\s+)?Graz\b|\bMed\s+Uni\s+Graz\b|\bGraz\s+Medical\s+University\b|\bMedizinische\s+Universit[aäe]?t?t?\s+Graz\b","Medical University Of Graz","regex",TRUE,"Migrated from app.R built-in sponsor_aliases"
870,"\bMedical\s+University\s+(Of\s+)?Innsbruck\b|\bInnsbruck\s+Medical\s+University\b|\bMedizinische\s+Universit(aet|[aäe]?t?t?)\s+Innsbruck\b","Medical University Of Innsbruck","regex",TRUE,"Migrated from app.R built-in sponsor_aliases"
880,"\bOspedale\s+S\.?\s+Raffaele\b|\bOspedale\s+San\s+Raffaele\b|\bIrccs\s+Ospedale\s+San\s+Raffaele\b","Ospedale San Raffaele","regex",TRUE,"Migrated from app.R built-in sponsor_aliases"
890,"\bOslo\s+University\s+Hospital(\s+HF|\s+OUS)?\b","Oslo University Hospital","regex",TRUE,"Migrated from app.R built-in sponsor_aliases"
900,"\bInstitut\s+De\s+Recherches\s+Internationales\s+Servier\s+Iris\b|\bInstitut\s+de\s+Recherches\s+Internationales\s+Servier\s+I[.]R[.]I[.]S\b|\bI[.]R[.]I[.]S[.]?\s+Institut\s+de\s+Recherches\s+Internationales\s+Servier\b","Institut De Recherches Internationales Servier IRIS","regex",TRUE,"Migrated from app.R built-in sponsor_aliases"
910,"\b(CHU|Centre\s+Hospitalier\s+Universitaire)\s+(De\s+)?Nice\b|\bNice\s+CHU\b","CHU De Nice","regex",TRUE,"Migrated from app.R built-in sponsor_aliases"
920,"\b(CHU|Centre\s+Hospitalier\s+Universitaire)\s+(De\s+)?Lille\b|\bLille\s+CHU\b","CHU De Lille","regex",TRUE,"Migrated from app.R built-in sponsor_aliases"
930,"\b(C\.?H\.?U\.?|C\.?H\.?R\.?U\.?|Centre\s+Hospitalier.*|University\s+Hospital)\s+(De\s+|Of\s+)?Toulouse\b|\bToulouse\s+University\s+Hospital\b|\bToulouse\s+Hospital\b|\bUHToulouse\b","CHU De Toulouse","regex",TRUE,"Migrated from app.R built-in sponsor_aliases"
940,"\b(C\.?H\.?U\.?|C\.?H\.?R\.?U\.?|Centre\s+Hospitalier.*)\s+(De\s+|Of\s+)?Lille\b|\bCHRU?\s+(Of\s+)?Lille\b","CHU De Lille","regex",TRUE,"Migrated from app.R built-in sponsor_aliases"
950,"\b(C\.?H\.?U\.?|Centre\s+Hospitalier.*|University\s+Hospital)\s+(De\s+|Of\s+)?Clermont\s*[- ]\s*Ferrand\b|\bCHU\s+Clermont\s+Ferrand\b","CHU De Clermont-Ferrand","regex",TRUE,"Migrated from app.R built-in sponsor_aliases"
960,"\b(C\.?H\.?U\.?|Centre\s+Hospitalier.*|University\s+Hospital)\s+(De\s+|Of\s+)?Limoges\b|\bUniversity\s+Hospital\s*,\s*Limoges\b|\bLimoges\s+Hospital\b","CHU De Limoges","regex",TRUE,"Migrated from app.R built-in sponsor_aliases"
970,"\b(C\.?H\.?U\.?|Centre\s+Hospitalier.*|Rennes\s+University\s+Hospital)\s+(De\s+|Of\s+)?Rennes\b|\bCHU\s+Of\s+Rennes\b","CHU De Rennes","regex",TRUE,"Migrated from app.R built-in sponsor_aliases"
980,"\b(C\.?H\.?U\.?|Centre\s+Hospitalier.*)\s+(De\s+)?Dijon(\s+Bourgogne)?\b|\bCHU\s+Dijon\s+Bourgogne\b","CHU De Dijon","regex",TRUE,"Migrated from app.R built-in sponsor_aliases"
990,"\b(C\.?H\.?U\.?|Centre\s+Hospitalier.*|Rouen\s+University\s+Hospital)\s+(De\s+)?Rouen\b","CHU De Rouen","regex",TRUE,"Migrated from app.R built-in sponsor_aliases"
1000,"\b(C\.?H\.?U\.?|C\.?H\.?R\.?U\.?|Centre\s+Hospitalier.*|University\s+Hospital|UH)\s+(De\s+|Of\s+)?Montpellier\b","CHU De Montpellier","regex",TRUE,"Migrated from app.R built-in sponsor_aliases"
1010,"\b(C\.?H\.?U\.?|Centre\s+Hospitalier.*|University\s+Hospital)\s+(De\s+|Of\s+)?Grenoble(\s+Alpes)?\b|\bGrenoble\s+(Alps\s+)?University\s+Hospital\b|\bUniversityHospitalGrenoble\b","CHU De Grenoble","regex",TRUE,"Migrated from app.R built-in sponsor_aliases"
1020,"\b(CHU|Centre\s+Hospitalier\s+Universitaire)\s+(De\s+|Of\s+)?Nantes\b|\bNantes\s+CHU\b","CHU De Nantes","regex",TRUE,"Migrated from app.R built-in sponsor_aliases"
1030,"\b(CHU|Centre\s+Hospitalier\s+Universitaire|Nimes\s+University\s+Hospital)\s*(De\s+)?N[iî]?mes\b|\bCHU\s+De\s+Nmes\b","CHU De Nimes","regex",TRUE,"Migrated from app.R built-in sponsor_aliases"
1040,"\b(CHU|Centre\s+Hospitalier\s+Universitaire)\s+(De\s+)?Bordeaux\b|\bBordeaux\s+CHU\b","CHU De Bordeaux","regex",TRUE,"Migrated from app.R built-in sponsor_aliases"
1050,"\bCharit[eé]?\s*[-,]?\s*(Universit[aä]tsmedizin|Universitaetsmedizin|University\s+Medicine)?\s*(Berlin)?\b","Charite Universitaetsmedizin Berlin","regex",TRUE,"Migrated from app.R built-in sponsor_aliases"
1060,"\b(Universit[aä]tsklinikum|Universitaetsklinikum|Uniklinikum|University\s+(Hospital|Clinic|Clinical\s+Center|Clinics))\s+(Of\s+)?T[uü]?bingen\b|\bUniversity\s+Of\s+T[uü]?bingen\b|\bUniversit[aä]t\s+T[uü]?bingen\b","Universitaetsklinikum Tuebingen","regex",TRUE,"Migrated from app.R built-in sponsor_aliases"
1070,"\bOrganisation\s+For\s+(The\s+)?(And\s+)?Treatment\s+Of\s+Cancer(\s+EORTC)?\b|\bEORTC\s+Organisation\s+For\s+And\s+Treatment\s+Of\s+Cancer\b","EORTC","regex",TRUE,"Migrated from app.R built-in sponsor_aliases"
1080,"\b(SAKK\s+)?Swiss\s+For\s+Clinical\s+Cancer(\s+SAKK|\s+Reaserch\s+SAKK)?\b","SAKK","regex",TRUE,"Migrated from app.R built-in sponsor_aliases"
1090,"\bGroupe\s+Francophone\s+Des\s+Mye?lodysplasies(\s+GFM)?\b|\bGroupe\s+Fran[cç]ais\s+Des\s+Mye?lodysplasies\b","Groupe Francophone Des Myelodysplasies","regex",TRUE,"Migrated from app.R built-in sponsor_aliases"
1100,"\bMedica\s+Scientia\s+Innovation(\s*[,.]?\s*Medsir(\s+Aro)?)?\b","Medica Scientia Innovation","regex",TRUE,"Migrated from app.R built-in sponsor_aliases"
1110,"\bOspedale\s+Pediatrico\s+Bambino\s+Gesu'?((\s+Di\s+Roma)?)\b|\bBambino\s+Gesu\s+Childrens\s+Hospital\b","Ospedale Pediatrico Bambino Gesu","regex",TRUE,"Migrated from app.R built-in sponsor_aliases"
1120,"\b(Universit[aä]tsklinikum|Universitaetsklinikum|University\s+Hospital)\s+Erlangen\b","Universitaetsklinikum Erlangen","regex",TRUE,"Migrated from app.R built-in sponsor_aliases"
1130,"KU Leuven","UZ Leuven","exact",TRUE,""
1140,"Leiden University","Leiden University Medical Center","exact",TRUE,""
1150,"Aarhus University","Aarhus University Hospital","exact",TRUE,""
1160,"Ghent University","University Hospital Ghent","exact",TRUE,""
1170,"Servier","Institut De Recherches Internationales Servier IRIS","exact",TRUE,""
1180,"Merck Serono","Merck","exact",TRUE,""
1190,"Laboratoires Merck Sharp Dohme - Chibret","Merck","exact",TRUE,""
1200,"Schering","Schering-Plough","exact",TRUE,""
1210,"Karolinska University Hospital, Huddinge","Karolinska University Hospital","exact",TRUE,""
1220,"Karolinska University Hospital Huddinge","Karolinska University Hospital","exact",TRUE,""
1230,"Department Of Neurology, Odense University Hospital","Odense University Hospital","exact",TRUE,""
1240,"Beaufour Ipsen","Ipsen","exact",TRUE,""
1250,"Eortc","EORTC","exact",TRUE,""
1260,"Maastricht University","Maastricht University Medical Center","exact",TRUE,""
1270,"Shire-Movetis","Shire","exact",TRUE,""
1280,"University Of Dundee NHS Tayside","University Of Dundee","exact",TRUE,""
1290,"Istituto Nazionale Tumori","Fondazione Irccs Istituto Nazionale Dei Tumori","exact",TRUE,""
1300,"The University Of Leeds","University Of Leeds","exact",TRUE,""
1310,"University Of Leicester","University Hospitals Of Leicester NHS Trust","exact",TRUE,""
1320,"Universiteit Maastricht","Maastricht University Medical Center","exact",TRUE,""
1330,"Serono","Merck Serono","exact",TRUE,""
1340,"Istituto Nazionale Tumori","Istituto Nazionale Per La Cura Tumori","exact",TRUE,""
1350,"Helsinki University Hospital","Helsinki University Central Hospital","exact",TRUE,""
1360,"Almirall Hermal","Almirall","exact",TRUE,""
1370,"Irccs Istituto Nazionale Tumori Fondazione Pascale","Istituto Nazionale Per Lo Studio E La Cura Dei Tumori - Fondazione G. Pascale","exact",TRUE,""
1380,"Universittsklinikum Erlangen","Universitaetsklinikum Erlangen","exact",TRUE,""
1390,"Argenx Bvba","Argenx","exact",TRUE,""
1400,"Fundacion Pethema","Fundacin Pethema","exact",TRUE,""
1410,"Universitaetsklinikum Tuebingen","Universitaetsklinikum Erlangen","exact",TRUE,""
1420,"Turku University Central Hospital","Turku University Hospital","exact",TRUE,""
1430,"Royal Marsden Hospital","The Royal Marsden NHS Foundation Trust","exact",TRUE,""
1440,"Laboratorios Almirall","Almirall","exact",TRUE,""
1450,"Almirall Prodesfarma","Almirall","exact",TRUE,""
1460,"FONDAZIONE I.R.C.C.S. POLICLINICO SAN MATTEO","Ospedale Policlinico S. Matteo","exact",TRUE,""
1470,"Bispebjerg University Hospital","Bispebjerg Hospital","exact",TRUE,""
1480,"Inserm-Anrs","Inserm","exact",TRUE,""
1490,"University Of Antwerp","Antwerp University Hospital","exact",TRUE,""
1500,"Tibotec Bvba","Tibotec","exact",TRUE,""
1510,"Les Hopitaux Universitaires De Strasbourg","Hpitaux Universitaires De Strasbourg","exact",TRUE,""
1520,"Department Of Dermatology D92, Bispebjerg Hospital","Bispebjerg Hospital","exact",TRUE,""
1530,"Zealand University Hospital","Zealand University Hospital","exact",TRUE,""
1540,"Umberto I","Azienda Universitaria Policlinico Umberto I Di Roma","exact",TRUE,""
1550,"Fundaci De Lluita Contra La Sida","Fundaci Lluita Contra La Sida","exact",TRUE,""
1560,"Steno Diabetes Center","Steno Diabetes Center Copenhagen","exact",TRUE,""
1570,"Verona","Azienda Ospedaliera Universitaria Integrata Verona","exact",TRUE,""
1580,"Consorci Mar Parc De Salut De Barcelona","Consorci Mar Parc De Salut De Barcelona Parc De Salut Mar","exact",TRUE,""
1590,"The University Of Liverpool","University Of Liverpool","exact",TRUE,""
1600,"A.O. UNIVERSITARIA INTEGRATA DI VERONA","Azienda Ospedaliera Universitaria Integrata Verona","exact",TRUE,""
1610,"Universitt Leipzig","University Of Leipzig","exact",TRUE,""
1620,"I.F.O. Istituti Fisioterapici Ospitalieri","Istituti Fisioterapici Ospitalieri","exact",TRUE,""
1630,"Bracco Altana","Altana","exact",TRUE,""
1640,"Orion Orion","Orion","exact",TRUE,""
1650,"Grifols","Instituto Grifols","exact",TRUE,""
1660,"Fondazione Irccs Ca Granda Ospedale Maggiore Policlinico Di Milano","Fondazione Irccs Ca Granda Ospedale Maggiore Policlinico","exact",TRUE,""
1670,"Universittsklinikum Heidelberg","Universitaetsklinikum Heidelberg Aör","exact",TRUE,""
1680,"The Institute of Cancer","The Institute of Caner","exact",TRUE,""
1690,"Fondazione Irccs Istituto Neurologico Carlo Besta","Istituto Neurologico Carlo Besta","exact",TRUE,""
1700,"Istituto Scientifico Romagnolo Per Lo Studio E La Cura Dei Tumori Irst . Irccs","Istituto Scientifico Romagnolo Per Lo Studio E La Cura Dei Tumori","exact",TRUE,""
1710,"Chru Nancy","Chru De Nancy","exact",TRUE,""
1720,"Technical University Dresden","Technische Universitt Dresden","exact",TRUE,""
1730,"Klinikum Der Universitaet Muenchen Aör","Klinikum Der Universitt Mnchen","exact",TRUE,""
1740,"Fresenius","Fresenius Kabi","exact",TRUE,""
1750,"Technische Universitat Dresden","Technische Universitt Dresden","exact",TRUE,""
1760,"Mech-Sense, Aalborg University Hospital","Aalborg University Hospital","exact",TRUE,""
1770,"Azienda Ospedaliera Universitaria Senese","Azienda Ospedaliera Senese","exact",TRUE,""
1780,"Bracco","Bracco Imaging","exact",TRUE,""
1790,"Moorfields Eye Hospital Nhs Foundation Trust","Moorfields Eye Hospital","exact",TRUE,""
1800,"Heidelberg","Universitaetsklinikum Heidelberg Aör","exact",TRUE,""
1810,"Centre Hospitalier Regional Universitaire","Centre Hospitalier Regional De Marseille","exact",TRUE,""
1820,"Gruppo Oncologico Italiano Di Ricerca","Gruppo Oncologico Italiano Di Ricerca Clinica Goirc","exact",TRUE,""
1830,"Herlev Gentofte Hospital","Herlev Hospital","exact",TRUE,""
1840,"Zambon Spa","Zambon","exact",TRUE,""
1850,"Department Of Surgery, Herlev Hospital","Herlev Hospital","exact",TRUE,""
1860,"Department Of , Herlev Gentofte Hospital","Herlev Hospital","exact",TRUE,""
1870,"Chu De Caen","Chu Caen","exact",TRUE,""
1880,"Fundaci Sant Joan De Du","Hospital Sant Joan De Du","exact",TRUE,""
1890,"Fundacin Pblica Andaluza Progreso Y Salud","Fundacin Progreso Y Salud","exact",TRUE,""
1900,"Manchester University Nhs Foundation Trust","Central Manchester University Hospitals Nhs Foundation Trust","exact",TRUE,""
1910,"Association Gercor","Gercor","exact",TRUE,""
1920,"Dompe' Farmaceutici","Domp Farmaceutici","exact",TRUE,""
1930,"Bial - Portela C","Bial - Portela Ca","exact",TRUE,""
1940,"Chu De Brest","Chru De Brest","exact",TRUE,""
1950,"Universitaetsklinikum Essen Aör","Universittsklinikum Essen","exact",TRUE,""
1960,"Herlev Gentofte Hospital","Gentofte Hospital","exact",TRUE,""
1970,"Erasme Hospital","Hopital Erasme","exact",TRUE,""
1980,"Herlev And Gentofte Hospital","Gentofte Hospital","exact",TRUE,""
1990,"Odense Universitetshospital","Odense University Hospital","exact",TRUE,""
2000,"Parc De Salut Mar","Consorci Mar Parc De Salut De Barcelona Parc De Salut Mar","exact",TRUE,""
2010,"Hpital Erasme","Hopital Erasme","exact",TRUE,""
2020,"Allergopharma","Allergopharma Joachim Ganzer","exact",TRUE,""
2030,"Fundacion Para La Investigacion Biomedica Del Hospital Universitario La Paz","Hospital Universitario La Paz","exact",TRUE,""
2040,"Chu Amiens-Picardie","Chu Amiens","exact",TRUE,""
2050,"Institut De Cancerologie De Louest","Institut De Cancerologie De L Ouest","exact",TRUE,""
2060,"Instituto De Investigacion Sanitaria La Fe","Instituto De Investigacin Sanitaria La Fe","exact",TRUE,""
2070,"Fdration Francophone De Cancrologie Digestive Ffcd","Fdration Francophone De Cancrologie Digestive","exact",TRUE,""
2080,"Hellenic Cooperative Hecog","Hellenic Cooperative","exact",TRUE,""
2090,"Nycomed Aps","Nycomed","exact",TRUE,""
2100,"University Hospital Of Heidelberg","University Hospital Heidelberg","exact",TRUE,""
2110,"The University Of Manchester","University Of Manchester","exact",TRUE,""
2120,"Mitsubishi Tanabe","Mitsubishi Tanabe Mtpc","exact",TRUE,""
2130,"Azienda Ospedaliera Arcispedale Santa Maria Nuova/Irccs Di Reggio Emilia","Azienda Ospedaliera Arcispedale S. Maria Nuova","exact",TRUE,""
2140,"Chiron Behring","Chiron","exact",TRUE,""
2150,"Martin-Luther-Universitaet Halle-Wittenberg","Martin-Luther-Universitt Halle-Wittenberg","exact",TRUE,""
2160,"Hospital Foch","Hopital Foch","exact",TRUE,""
2170,"Centre Francois Baclesse","Centre Franois Baclesse","exact",TRUE,""
2180,"Istituto Nazionale Delle Malattie Infettive Lazzaro Spallanzani","Istituto Nazionale Per Le Malattie Infettive Lazzaro Spallanzani","exact",TRUE,""
2190,"Universittsklinikum Schleswig-Holstein","Universitaetsklinikum Schleswig-Holstein Aör","exact",TRUE,""
2200,"Friedrich-Schiller-Universitt Jena","Friedrich-Schiller","exact",TRUE,""
2210,"Heidelberg University","University Of Heidelberg","exact",TRUE,""
2220,"Azienda Ospedaliera S. Gerardo Di Monza","Azienda Ospedaliera San Gerardo Di Monza","exact",TRUE,""
2230,"Fondazione Ricerca Traslazionale","Fondazione Ricerca Traslazionale Fort","exact",TRUE,""
2240,"Fundacion Para La Formacion E Investigacion Sanitaria De La Region De Murcia","Fundacin Para La Formacin E Investigacin Sanitarias De La Regin De Murcia","exact",TRUE,""
2250,"Rheinische Friedrich-Wilhelms-Universitt Bonn","Rheinische Friedrich-Wilhelms","exact",TRUE,""
2260,"Ume University Hospital","Ume University","exact",TRUE,""
2270,"Newron Spa","Newron","exact",TRUE,""
2280,"Oryzon Genomics S. A","Oryzon Genomics","exact",TRUE,""
2290,"Azienda Ospedaliera Ospedali Galliera","Ente Ospedaliero Ospedali Galliera","exact",TRUE,""
2300,"Arcagy-Gineco","Arcagy","exact",TRUE,""
2310,"Royal College Of Surgeons","Royal College Of Surgeons","exact",TRUE,""
2320,"Pierre Fabre Dermatologie Represented By Institut De Recherche Pierre Fabre","Pierre Fabre Dermatologie","exact",TRUE,""
2330,"Institut Fr Klinische Krebsforschung Ikf At Krankenhaus Nordwest","Krankenhaus Nordwest","exact",TRUE,""
2340,"Air Liquide Sante","Air Liquide Sant","exact",TRUE,""
2350,"Fundacin Pblica Andaluza Para La Gestin En Salud De Sevilla Fisevi","Fundacin Pblica Andaluza Para La Gestin De La Investigacin En Salud De Sevilla Fisevi","exact",TRUE,""
2360,"Technische Universitt Mnchen, Fakultt Fr Medizin","Technische Universitt Mnchen","exact",TRUE,""
2370,"Fondation A De Rothschild","Hopital Fondation Adolphe De Rothschild","exact",TRUE,""
2380,"Protalix Biotherapeutics","Protalix","exact",TRUE,""
2390,"Istituto Ortopedico Rizzoli","Istituti Ortopedici Rizzoli","exact",TRUE,""
2400,"Grupo Espaol De Investigacin En Sarcomas Geis","Grupo Espaol De Investigacin En Sarcomas","exact",TRUE,""
2410,"Professor Jrgen Berg Dahl","Professor Jrgen B. Dahl","exact",TRUE,""
2420,"Ascendis","Ascendis Growth Disorders","exact",TRUE,""
2430,"Centre Hospitalier Intercommunal De Crteil","Centre Hospitalier Intercommunal Creteil","exact",TRUE,""
2440,"Institut Catal Doncologia Ico","Institut Catal Doncologia","exact",TRUE,""
2450,"Horizon Usa","Horizon","exact",TRUE,""
2460,"Ascendis Endocrinology","Ascendis","exact",TRUE,
